greenhouse,species,plant_no,plant,date,drought_phase,phase_day,total_day,co2,resprouter,plant_height,large_leaves_count,small_leaves_count,total_leaves_count_marked,flowers_count
A,ACY,1W,AACY1W,14/02/2020,1,19,23,elevated,R+,64,9,13,22,
A,ACY,2W,AACY2W,14/02/2020,1,19,23,elevated,R+,65,9,13,22,
A,ACY,3W,AACY3W,14/02/2020,1,19,23,elevated,R+,67,6,13,19,
A,ACY,4W,AACY4W,14/02/2020,1,19,23,elevated,R+,100,62,6,68,
A,ACY,2D,AACY2D,14/02/2020,1,19,23,elevated,R+,70,35,9,44,
A,CAL,1W,ACAL1W,13/02/2020,1,18,22,elevated,R-,54,14,0,14,
A,CAL,2W,ACAL2W,13/02/2020,1,18,22,elevated,R-,95,7,7,14,
A,CAL,3W,ACAL3W,13/02/2020,1,18,22,elevated,R-,45,13,6,19,
A,CAL,4W,ACAL4W,13/02/2020,1,18,22,elevated,R-,57,12,0,12,
A,CAL,5W,ACAL5W,13/02/2020,1,18,22,elevated,R-,93,14,0,14,
A,ROF,1W,AROF1W,12/2/20,1,17,21,elevated,R-,58,22,39,61,
A,ROF,2W,AROF2W,12/2/20,1,17,21,elevated,R-,52,20,22,42,
A,ROF,3W,AROF3W,12/2/20,1,17,21,elevated,R-,62,43,42,85,
A,ROF,4W,AROF4W,12/2/20,1,17,21,elevated,R-,49,14,7,21,
A,ROF,5W,AROF5W,12/2/20,1,17,21,elevated,R-,63,17,23,40,
A,LST,2W,ALST2W,11/2/20,1,16,20,elevated,R-,37,26,12,38,
A,LST,3W,ALST3W,11/2/20,1,16,20,elevated,R-,35,16,13,29,
A,LST,1D,ALST1D,11/2/20,1,16,20,elevated,R-,42,24,14,38,
A,LST,2D,ALST2D,11/2/20,1,16,20,elevated,R-,33,31,10,41,
A,DPE,1W,ADPE1W,10/2/20,1,15,19,elevated,R+,48,41,0,41,
A,DPE,2W,ADPE2W,10/2/20,1,15,19,elevated,R+,34,86,0,86,
A,DPE,3W,ADPE3W,10/2/20,1,15,19,elevated,R+,33,89,0,89,
A,DPE,4W,ADPE4W,10/2/20,1,15,19,elevated,R+,45,107,0,107,
A,DPE,3D,ADPE3D,10/2/20,1,15,19,elevated,R+,50,57,0,57,
B,ACY,1W,BACY1W,14/02/2020,1,19,23,elevated,R+,63,13,4,17,
B,ACY,2W,BACY2W,14/02/2020,1,19,23,elevated,R+,73,10,16,26,
B,ACY,3W,BACY3W,14/02/2020,1,19,23,elevated,R+,87,13,10,23,
B,ACY,5W,BACY5W,14/02/2020,1,19,23,elevated,R+,68,6,28,34,
B,ACY,6W,BACY6W,14/02/2020,1,19,23,elevated,R+,90,17,18,35,
B,CAL,1W,BCAL1W,13/02/2020,1,18,22,elevated,R-,62,8,19,27,
B,CAL,3W,BCAL3W,13/02/2020,1,18,22,elevated,R-,67,4,0,4,
B,CAL,4W,BCAL4W,13/02/2020,1,18,22,elevated,R-,65,8,1,9,
B,CAL,5W,BCAL5W,13/02/2020,1,18,22,elevated,R-,55,8,0,8,
B,CAL,6W,BCAL6W,13/02/2020,1,18,22,elevated,R-,64,8,4,12,
B,ROF,1W,BROF1W,12/2/20,1,17,21,elevated,R-,45,40,43,83,
B,ROF,2W,BROF2W,12/2/20,1,17,21,elevated,R-,60,22,32,54,
B,ROF,3W,BROF3W,12/2/20,1,17,21,elevated,R-,46,18,14,32,
B,LST,1W,BLST1W,11/2/20,1,16,20,elevated,R-,33,20,0,20,
B,LST,2W,BLST2W,11/2/20,1,16,20,elevated,R-,40,32,60,92,
B,LST,4W,BLST4W,11/2/20,1,16,20,elevated,R-,50,21,78,99,
B,LST,1D,BLST1D,11/2/20,1,16,20,elevated,R-,48,45,22,67,
B,DPE,1W,BDPE1W,10/2/20,1,15,19,elevated,R+,53,103,0,103,
B,DPE,2W,BDPE2W,10/2/20,1,15,19,elevated,R+,40,65,0,65,
B,DPE,3W,BDPE3W,10/2/20,1,15,19,elevated,R+,50,37,0,37,
B,DPE,4W,BDPE4W,10/2/20,1,15,19,elevated,R+,47,76,0,76,
B,DPE,3D,BDPE3D,10/2/20,1,15,19,elevated,R+,35,59,0,59,
B,DPE,4D,BDPE4D,10/2/20,1,15,19,elevated,R+,40,85,0,85,
C,ACY,1W,CACY1W,14/02/2020,1,19,23,elevated,R+,66,14,30,44,
C,ACY,2W,CACY2W,14/02/2020,1,19,23,elevated,R+,65,14,30,44,
C,ACY,4W,CACY4W,14/02/2020,1,19,23,elevated,R+,68,7,18,25,
C,ACY,5W,CACY5W,14/02/2020,1,19,23,elevated,R+,80,4,48,52,
C,CAL,1W,CCAL1W,13/02/2020,1,18,22,elevated,R-,56,10,0,10,
C,CAL,2W,CCAL2W,13/02/2020,1,18,22,elevated,R-,52,16,0,16,
C,CAL,3W,CCAL3W,13/02/2020,1,18,22,elevated,R-,57,8,4,12,
C,CAL,4W,CCAL4W,13/02/2020,1,18,22,elevated,R-,42,16,0,16,
C,CAL,5W,CCAL5W,13/02/2020,1,18,22,elevated,R-,45,11,0,11,
C,ROF,1W,CROF1W,12/2/20,1,17,21,elevated,R-,44,25,29,54,
C,ROF,2W,CROF2W,12/2/20,1,17,21,elevated,R-,53,19,24,43,
C,ROF,3W,CROF3W,12/2/20,1,17,21,elevated,R-,57,19,12,31,
C,ROF,4W,CROF4W,12/2/20,1,17,21,elevated,R-,35,8,24,32,
C,ROF,3D,CROF3D,12/2/20,1,17,21,elevated,R-,44,22,9,31,
C,ROF,5D,CROF5D,12/2/20,1,17,21,elevated,R-,42,17,17,34,
C,LST,1W,CLST1W,11/2/20,1,16,20,elevated,R-,32,37,0,37,
C,LST,3W,CLST3W,11/2/20,1,16,20,elevated,R-,32,24,0,24,
C,LST,4W,CLST4W,11/2/20,1,16,20,elevated,R-,48,21,5,26,
C,LST,1D,CLST1D,11/2/20,1,16,20,elevated,R-,43,28,10,38,
C,DPE,1W,CDPE1W,10/2/20,1,15,19,elevated,R+,35,52,0,52,
C,DPE,2W,CDPE2W,10/2/20,1,15,19,elevated,R+,35,85,0,85,
C,DPE,3W,CDPE3W,10/2/20,1,15,19,elevated,R+,33,57,0,57,
C,DPE,2D,CDPE2D,10/2/20,1,15,19,elevated,R+,30,80,0,80,
D,ACY,1W,DACY1W,14/02/2020,1,19,23,ambient,R+,58,41,52,93,
D,ACY,2W,DACY2W,14/02/2020,1,19,23,ambient,R+,46,9,13,22,
D,ACY,3W,DACY3W,14/02/2020,1,19,23,ambient,R+,60,22,48,70,
D,ACY,4W,DACY4W,14/02/2020,1,19,23,ambient,R+,70,16,56,72,
D,ACY,5W,DACY5W,14/02/2020,1,19,23,ambient,R+,43,16,17,33,
D,CAL,2W,DCAL2W,13/02/2020,1,18,22,ambient,R-,52,14,0,14,
D,CAL,3W,DCAL3W,13/02/2020,1,18,22,ambient,R-,54,8,2,10,
D,CAL,4W,DCAL4W,13/02/2020,1,18,22,ambient,R-,58,14,4,18,
D,CAL,5W,DCAL5W,13/02/2020,1,18,22,ambient,R-,54,13,4,17,
D,CAL,3D,DCAL3D,13/02/2020,1,18,22,ambient,R-,40,10,2,12,
D,ROF,1W,DROF1W,12/2/20,1,17,21,ambient,R-,54,33,23,56,
D,ROF,2W,DROF2W,12/2/20,1,17,21,ambient,R-,41,29,66,95,
D,ROF,3W,DROF3W,12/2/20,1,17,21,ambient,R-,36,44,25,69,
D,ROF,4W,DROF4W,12/2/20,1,17,21,ambient,R-,50,30,47,77,
D,ROF,2D,DROF2D,12/2/20,1,17,21,ambient,R-,53,41,80,121,
D,LST,1W,DLST1W,11/2/20,1,16,20,ambient,R-,22,26,6,32,
D,LST,2W,DLST2W,11/2/20,1,16,20,ambient,R-,50,60,15,75,
D,LST,3D,DLST3D,11/2/20,1,16,20,ambient,R-,36,28,36,64,
D,LST,4D,DLST4D,11/2/20,1,16,20,ambient,R-,34,34,46,80,
D,LST,2D,DLST2D,11/2/20,1,16,20,ambient,R-,38,31,45,76,
D,DPE,1W,DDPE1W,10/2/20,1,15,19,ambient,R+,45,62,0,62,
D,DPE,2W,DDPE2W,10/2/20,1,15,19,ambient,R+,35,134,0,134,
D,DPE,3W,DDPE3W,10/2/20,1,15,19,ambient,R+,40,101,0,101,
D,DPE,1D,DDPE1D,10/2/20,1,15,19,ambient,R+,40,173,0,173,
E,ACY,1W,EACY1W,14/02/2020,1,19,23,ambient,R+,68,22,33,55,
E,ACY,2W,EACY2W,14/02/2020,1,19,23,ambient,R+,98,15,18,33,
E,ACY,3W,EACY3W,14/02/2020,1,19,23,ambient,R+,68,15,31,46,
E,ACY,5W,EACY5W,14/02/2020,1,19,23,ambient,R+,62,18,34,52,
E,CAL,1W,ECAL1W,13/02/2020,1,18,22,ambient,R-,57,12,0,12,
E,CAL,2W,ECAL2W,13/02/2020,1,18,22,ambient,R-,63,12,4,16,
E,CAL,3W,ECAL3W,13/02/2020,1,18,22,ambient,R-,48,14,4,18,
E,CAL,4W,ECAL4W,13/02/2020,1,18,22,ambient,R-,50,13,2,15,
E,CAL,5W,ECAL5W,13/02/2020,1,18,22,ambient,R-,57,14,0,14,
E,ROF,1W,EROF1W,12/2/20,1,17,21,ambient,R-,37,22,5,27,
E,ROF,2W,EROF2W,12/2/20,1,17,21,ambient,R-,39,30,21,51,
E,ROF,3W,EROF3W,12/2/20,1,17,21,ambient,R-,40,18,0,18,
E,ROF,4W,EROF4W,12/2/20,1,17,21,ambient,R-,60,18,11,29,
E,ROF,5W,EROF5W,12/2/20,1,17,21,ambient,R-,55,23,39,62,
E,LST,1W,ELST1W,11/2/20,1,16,20,ambient,R-,49,16,0,16,
E,LST,4W,ELST4W,11/2/20,1,16,20,ambient,R-,40,22,0,22,
E,LST,1D,ELST1D,11/2/20,1,16,20,ambient,R-,45,41,0,41,
E,DPE,1W,EDPE1W,10/2/20,1,15,19,ambient,R+,30,53,0,53,
E,DPE,2W,EDPE2W,10/2/20,1,15,19,ambient,R+,45,119,0,119,
E,DPE,3W,EDPE3W,10/2/20,1,15,19,ambient,R+,35,60,0,60,
E,DPE,4W,EDPE4W,10/2/20,1,15,19,ambient,R+,40,101,0,101,
E,DPE,5W,EDPE5W,10/2/20,1,15,19,ambient,R+,50,121,0,121,
F,ACY,1W,FACY1W,14/02/2020,1,19,23,ambient,R+,62,12,18,30,
F,ACY,2W,FACY2W,14/02/2020,1,19,23,ambient,R+,64,12,10,22,
F,ACY,3W,FACY3W,14/02/2020,1,19,23,ambient,R+,46,5,15,20,
F,ACY,4W,FACY4W,14/02/2020,1,19,23,ambient,R+,43,11,17,28,
F,ACY,2D,FACY2D,14/02/2020,1,19,23,ambient,R+,54,13,17,30,
F,CAL,1W,FCAL1W,13/02/2020,1,18,22,ambient,R-,66,14,16,30,
F,CAL,2W,FCAL2W,13/02/2020,1,18,22,ambient,R-,70,10,4,14,
F,CAL,3W,FCAL3W,13/02/2020,1,18,22,ambient,R-,62,10,0,10,
F,CAL,4W,FCAL4W,13/02/2020,1,18,22,ambient,R-,70,7,4,11,
F,CAL,1D,FCAL1D,13/02/2020,1,18,22,ambient,R-,57,12,0,12,
F,ROF,1W,FROF1W,12/2/20,1,17,21,ambient,R-,53,28,46,74,
F,ROF,2W,FROF2W,12/2/20,1,17,21,ambient,R-,65,28,34,62,
F,ROF,3W,FROF3W,12/2/20,1,17,21,ambient,R-,55,31,14,45,
F,ROF,4W,FROF4W,12/2/20,1,17,21,ambient,R-,43,19,34,53,
F,ROF,5W,FROF5W,12/2/20,1,17,21,ambient,R-,60,26,24,50,
F,LST,1D,FLST1D,11/2/20,1,16,20,ambient,R-,47,31,0,31,
F,LST,2DG,FLST2DG,11/2/20,1,16,20,ambient,R-,48,33,71,104,
F,LST,5D,FLST5D,11/2/20,1,16,20,ambient,R-,40,28,48,76,
F,LST,4D,FLST4D,11/2/20,1,16,20,ambient,R-,35,47,7,54,
F,DPE,1W,FDPE1W,10/2/20,1,15,19,ambient,R+,45,64,0,64,
F,DPE,3W,FDPE3W,10/2/20,1,15,19,ambient,R+,45,118,0,118,
F,DPE,1D,FDPE1D,10/2/20,1,15,19,ambient,R+,36,80,0,80,
F,DPE,3D,FDPE3D,10/2/20,1,15,19,ambient,R+,40,74,0,74,
A,ACY,1W,AACY1W,9/3/20,2,15,47,elevated,R+,,11,30,41,
A,ACY,2W,AACY2W,9/3/20,2,15,47,elevated,R+,,9,15,24,
A,ACY,3W,AACY3W,9/3/20,2,15,47,elevated,R+,,9,20,29,
A,ACY,4W,AACY4W,9/3/20,2,15,47,elevated,R+,,6,9,15,
A,ACY,2D,AACY2D,9/3/20,2,15,47,elevated,R+,,9,50,59,
A,CAL,1W,ACAL1W,12/3/20,2,18,50,elevated,R-,,14,7,21,
A,CAL,2W,ACAL2W,12/3/20,2,18,50,elevated,R-,,18,3,21,
A,CAL,3W,ACAL3W,12/3/20,2,18,50,elevated,R-,,18,16,34,
A,CAL,4W,ACAL4W,12/3/20,2,18,50,elevated,R-,,20,0,20,
A,CAL,5W,ACAL5W,12/3/20,2,18,50,elevated,R-,,18,0,18,
A,ROF,1W,AROF1W,10/3/20,2,16,48,elevated,R-,,30,60,90,
A,ROF,2W,AROF2W,10/3/20,2,16,48,elevated,R-,,21,34,55,
A,ROF,3W,AROF3W,10/3/20,2,16,48,elevated,R-,,30,46,76,
A,ROF,4W,AROF4W,10/3/20,2,16,48,elevated,R-,,19,23,42,
A,ROF,5W,AROF5W,10/3/20,2,16,48,elevated,R-,,24,49,73,
A,LST,2W,ALST2W,13/03/2020,2,19,51,elevated,R-,,29,29,58,
A,LST,3W,ALST3W,13/03/2020,2,19,51,elevated,R-,,18,22,40,
A,LST,1D,ALST1D,13/03/2020,2,19,51,elevated,R-,,24,28,52,
A,LST,2D,ALST2D,13/03/2020,2,19,51,elevated,R-,,45,38,83,
A,DPE,1W,ADPE1W,11/3/20,2,13,49,elevated,R+,,65,0,65,
A,DPE,2W,ADPE2W,11/3/20,2,13,49,elevated,R+,,175,0,175,
A,DPE,3W,ADPE3W,11/3/20,2,13,49,elevated,R+,,105,0,105,
A,DPE,4W,ADPE4W,11/3/20,2,13,49,elevated,R+,,106,0,106,
A,DPE,3D,ADPE3D,11/3/20,2,13,49,elevated,R+,,133,0,133,
B,ACY,1W,BACY1W,9/3/20,2,15,47,elevated,R+,,14,11,25,
B,ACY,2W,BACY2W,9/3/20,2,15,47,elevated,R+,,15,29,44,
B,ACY,3W,BACY3W,9/3/20,2,15,47,elevated,R+,,13,13,26,
B,ACY,5W,BACY5W,9/3/20,2,15,47,elevated,R+,,6,29,35,
B,ACY,6W,BACY6W,9/3/20,2,15,47,elevated,R+,,19,23,42,
B,CAL,1W,BCAL1W,12/3/20,2,18,50,elevated,R-,,6,25,31,
B,CAL,3W,BCAL3W,12/3/20,2,18,50,elevated,R-,,8,15,23,
B,CAL,4W,BCAL4W,12/3/20,2,18,50,elevated,R-,,14,19,33,
B,CAL,5W,BCAL5W,12/3/20,2,18,50,elevated,R-,,12,2,14,
B,CAL,6W,BCAL6W,12/3/20,2,18,50,elevated,R-,,12,31,43,
B,ROF,1W,BROF1W,10/3/20,2,16,48,elevated,R-,,40,50,90,
B,ROF,2W,BROF2W,10/3/20,2,16,48,elevated,R-,,27,54,81,
B,ROF,3W,BROF3W,10/3/20,2,16,48,elevated,R-,,30,37,67,
B,LST,1W,BLST1W,13/03/2020,2,19,51,elevated,R-,,17,0,17,
B,LST,2W,BLST2W,13/03/2020,2,19,51,elevated,R-,,25,73,98,
B,LST,4W,BLST4W,13/03/2020,2,19,51,elevated,R-,,19,75,94,
B,LST,1D,BLST1D,13/03/2020,2,19,51,elevated,R-,,55,20,75,
B,DPE,1W,BDPE1W,11/3/20,2,13,49,elevated,R+,,118,0,118,
B,DPE,2W,BDPE2W,11/3/20,2,13,49,elevated,R+,,75,0,75,
B,DPE,3W,BDPE3W,11/3/20,2,13,49,elevated,R+,,69,0,69,
B,DPE,4W,BDPE4W,11/3/20,2,13,49,elevated,R+,,80,0,80,
B,DPE,3D,BDPE3D,11/3/20,2,13,49,elevated,R+,,50,0,50,
B,DPE,4D,BDPE4D,11/3/20,2,13,49,elevated,R+,,101,0,101,
C,ACY,1W,CACY1W,9/3/20,2,15,47,elevated,R+,,8,36,44,
C,ACY,2W,CACY2W,9/3/20,2,15,47,elevated,R+,,13,33,46,
C,ACY,4W,CACY4W,9/3/20,2,15,47,elevated,R+,,4,17,21,
C,ACY,5W,CACY5W,9/3/20,2,15,47,elevated,R+,,6,50,56,
C,CAL,1W,CCAL1W,12/3/20,2,18,50,elevated,R-,,14,20,34,
C,CAL,2W,CCAL2W,12/3/20,2,18,50,elevated,R-,,19,4,23,
C,CAL,3W,CCAL3W,12/3/20,2,18,50,elevated,R-,,12,18,30,
C,CAL,4W,CCAL4W,12/3/20,2,18,50,elevated,R-,,13,15,28,
C,CAL,5W,CCAL5W,12/3/20,2,18,50,elevated,R-,,17,4,21,
C,ROF,1W,CROF1W,10/3/20,2,16,48,elevated,R-,,33,73,106,
C,ROF,2W,CROF2W,10/3/20,2,16,48,elevated,R-,,20,46,66,
C,ROF,3W,CROF3W,10/3/20,2,16,48,elevated,R-,,22,23,45,
C,ROF,4W,CROF4W,10/3/20,2,16,48,elevated,R-,,10,33,43,
C,ROF,3D,CROF3D,10/3/20,2,16,48,elevated,R-,,20,34,54,
C,ROF,5D,CROF5D,10/3/20,2,16,48,elevated,R-,,19,38,57,
C,LST,1W,CLST1W,13/03/2020,2,19,51,elevated,R-,,49,0,49,
C,LST,3W,CLST3W,13/03/2020,2,19,51,elevated,R-,,35,29,64,
C,LST,4W,CLST4W,13/03/2020,2,19,51,elevated,R-,,21,3,24,
C,LST,1D,CLST1D,13/03/2020,2,19,51,elevated,R-,,23,22,45,
C,DPE,1W,CDPE1W,11/3/20,2,13,49,elevated,R+,,125,0,125,
C,DPE,2W,CDPE2W,11/3/20,2,13,49,elevated,R+,,148,0,148,
C,DPE,3W,CDPE3W,11/3/20,2,13,49,elevated,R+,,45,0,45,
C,DPE,2D,CDPE2D,11/3/20,2,13,49,elevated,R+,,108,0,108,
D,ACY,1W,DACY1W,9/3/20,2,15,47,ambient,R+,,44,64,108,
D,ACY,2W,DACY2W,9/3/20,2,15,47,ambient,R+,,14,26,40,
D,ACY,3W,DACY3W,9/3/20,2,15,47,ambient,R+,,40,46,86,
D,ACY,4W,DACY4W,9/3/20,2,15,47,ambient,R+,,18,50,68,
D,ACY,5W,DACY5W,9/3/20,2,15,47,ambient,R+,,11,29,40,
D,CAL,2W,DCAL2W,12/3/20,2,18,50,ambient,R-,,16,6,22,
D,CAL,3W,DCAL3W,12/3/20,2,18,50,ambient,R-,,12,0,12,
D,CAL,4W,DCAL4W,12/3/20,2,18,50,ambient,R-,,20,22,42,
D,CAL,5W,DCAL5W,12/3/20,2,18,50,ambient,R-,,18,6,24,
D,CAL,3D,DCAL3D,12/3/20,2,18,50,ambient,R-,,14,3,17,
D,ROF,1W,DROF1W,10/3/20,2,16,48,ambient,R-,,24,27,51,
D,ROF,2W,DROF2W,10/3/20,2,16,48,ambient,R-,,22,74,96,
D,ROF,3W,DROF3W,10/3/20,2,16,48,ambient,R-,,43,34,77,
D,ROF,4W,DROF4W,10/3/20,2,16,48,ambient,R-,,32,68,100,
D,ROF,2D,DROF2D,10/3/20,2,16,48,ambient,R-,,28,67,95,
D,LST,1W,DLST1W,13/03/2020,2,19,51,ambient,R-,,36,20,56,
D,LST,2W,DLST2W,13/03/2020,2,19,51,ambient,R-,,31,48,79,
D,LST,3D,DLST3D,13/03/2020,2,19,51,ambient,R-,,37,36,73,
D,LST,4D,DLST4D,13/03/2020,2,19,51,ambient,R-,,38,50,88,
D,LST,2D,DLST2D,13/03/2020,2,19,51,ambient,R-,,79,0,79,
D,DPE,1W,DDPE1W,11/3/20,2,13,49,ambient,R+,,84,0,84,
D,DPE,2W,DDPE2W,11/3/20,2,13,49,ambient,R+,,140,0,140,
D,DPE,3W,DDPE3W,11/3/20,2,13,49,ambient,R+,,184,0,184,
D,DPE,1D,DDPE1D,11/3/20,2,13,49,ambient,R+,,196,0,196,
E,ACY,1W,EACY1W,9/3/20,2,15,47,ambient,R+,,29,47,76,
E,ACY,2W,EACY2W,9/3/20,2,15,47,ambient,R+,,14,15,29,
E,ACY,3W,EACY3W,9/3/20,2,15,47,ambient,R+,,19,32,51,
E,ACY,5W,EACY5W,9/3/20,2,15,47,ambient,R+,,31,42,73,
E,CAL,1W,ECAL1W,12/3/20,2,18,50,ambient,R-,,14,0,14,
E,CAL,2W,ECAL2W,12/3/20,2,18,50,ambient,R-,,15,21,36,
E,CAL,3W,ECAL3W,12/3/20,2,18,50,ambient,R-,,17,18,35,
E,CAL,4W,ECAL4W,12/3/20,2,18,50,ambient,R-,,14,20,34,
E,CAL,5W,ECAL5W,12/3/20,2,18,50,ambient,R-,,20,12,32,
E,ROF,1W,EROF1W,10/3/20,2,16,48,ambient,R-,,28,10,38,
E,ROF,2W,EROF2W,10/3/20,2,16,48,ambient,R-,,34,19,53,
E,ROF,3W,EROF3W,10/3/20,2,16,48,ambient,R-,,24,11,35,
E,ROF,4W,EROF4W,10/3/20,2,16,48,ambient,R-,,38,32,70,
E,ROF,5W,EROF5W,10/3/20,2,16,48,ambient,R-,,27,52,79,
E,LST,1W,ELST1W,13/03/2020,2,19,51,ambient,R-,,49,0,49,
E,LST,4W,ELST4W,13/03/2020,2,19,51,ambient,R-,,34,19,53,
E,LST,1D,ELST1D,13/03/2020,2,19,51,ambient,R-,,26,4,30,
E,DPE,1W,EDPE1W,11/3/20,2,13,49,ambient,R+,,75,0,75,
E,DPE,2W,EDPE2W,11/3/20,2,13,49,ambient,R+,,157,0,157,
E,DPE,3W,EDPE3W,11/3/20,2,13,49,ambient,R+,,80,0,80,
E,DPE,4W,EDPE4W,11/3/20,2,13,49,ambient,R+,,105,0,105,
E,DPE,5W,EDPE5W,11/3/20,2,13,49,ambient,R+,,167,0,167,
F,ACY,1W,FACY1W,9/3/20,2,15,47,ambient,R+,,13,31,44,
F,ACY,2W,FACY2W,9/3/20,2,15,47,ambient,R+,,16,13,29,
F,ACY,3W,FACY3W,9/3/20,2,15,47,ambient,R+,,17,11,28,
F,ACY,4W,FACY4W,9/3/20,2,15,47,ambient,R+,,12,17,29,
F,ACY,2D,FACY2D,9/3/20,2,15,47,ambient,R+,,13,23,36,
F,CAL,1W,FCAL1W,12/3/20,2,18,50,ambient,R-,,16,29,45,
F,CAL,2W,FCAL2W,12/3/20,2,18,50,ambient,R-,,16,24,40,
F,CAL,3W,FCAL3W,12/3/20,2,18,50,ambient,R-,,12,2,14,
F,CAL,4W,FCAL4W,12/3/20,2,18,50,ambient,R-,,4,13,17,
F,CAL,1D,FCAL1D,12/3/20,2,18,50,ambient,R-,,17,0,17,
F,ROF,1W,FROF1W,10/3/20,2,16,48,ambient,R-,,28,72,100,
F,ROF,2W,FROF2W,10/3/20,2,16,48,ambient,R-,,27,70,97,
F,ROF,3W,FROF3W,10/3/20,2,16,48,ambient,R-,,25,39,64,
F,ROF,4W,FROF4W,10/3/20,2,16,48,ambient,R-,,34,59,93,
F,ROF,5W,FROF5W,10/3/20,2,16,48,ambient,R-,,20,28,48,
F,LST,1D,FLST1D,13/03/2020,2,19,51,ambient,R-,,36,0,36,
F,LST,2DG,FLST2DG,13/03/2020,2,19,51,ambient,R-,,38,148,186,
F,LST,5D,FLST5D,13/03/2020,2,19,51,ambient,R-,,32,95,127,
F,LST,4D,FLST4D,13/03/2020,2,19,51,ambient,R-,,52,10,62,
F,DPE,1W,FDPE1W,11/3/20,2,13,49,ambient,R+,,60,0,60,
F,DPE,3W,FDPE3W,11/3/20,2,13,49,ambient,R+,,130,0,130,
F,DPE,1D,FDPE1D,11/3/20,2,13,49,ambient,R+,,130,0,130,
F,DPE,3D,FDPE3D,11/3/20,2,13,49,ambient,R+,,97,0,97,
A,ACY,1W,AACY1W,10/4/20,3,14,79,elevated,R+,,7,22,29,12
A,ACY,2W,AACY2W,10/4/20,3,14,79,elevated,R+,,0,0,0,0
A,ACY,3W,AACY3W,10/4/20,3,14,79,elevated,R+,,11,21,32,77
A,ACY,4W,AACY4W,10/4/20,3,14,79,elevated,R+,,0,0,0,0
A,ACY,2D,AACY2D,10/4/20,3,14,79,elevated,R+,,6,31,37,0
A,CAL,1W,ACAL1W,11/4/20,3,15,80,elevated,R-,,9,4,13,0
A,CAL,2W,ACAL2W,11/4/20,3,15,80,elevated,R-,,9,1,10,0
A,CAL,3W,ACAL3W,11/4/20,3,15,80,elevated,R-,,8,12,20,0
A,CAL,4W,ACAL4W,11/4/20,3,15,80,elevated,R-,,16,0,16,0
A,CAL,5W,ACAL5W,11/4/20,3,15,80,elevated,R-,,11,0,11,0
A,ROF,1W,AROF1W,16/04/2020,3,20,85,elevated,R-,,28,75,103,0
A,ROF,2W,AROF2W,16/04/2020,3,20,85,elevated,R-,,22,52,74,0
A,ROF,3W,AROF3W,16/04/2020,3,20,85,elevated,R-,,32,74,106,0
A,ROF,4W,AROF4W,16/04/2020,3,20,85,elevated,R-,,18,28,46,0
A,ROF,5W,AROF5W,16/04/2020,3,20,85,elevated,R-,,22,60,82,0
A,LST,2W,ALST2W,13/04/2020,3,17,82,elevated,R-,,14,23,37,0
A,LST,3W,ALST3W,13/04/2020,3,17,82,elevated,R-,,4,39,43,0
A,LST,1D,ALST1D,13/04/2020,3,17,82,elevated,R-,,10,47,57,0
A,LST,2D,ALST2D,13/04/2020,3,17,82,elevated,R-,,9,107,116,0
A,DPE,1W,ADPE1W,12/4/20,3,16,81,elevated,R+,,29,0,29,0
A,DPE,2W,ADPE2W,12/4/20,3,16,81,elevated,R+,,232,0,232,0
A,DPE,3W,ADPE3W,12/4/20,3,16,81,elevated,R+,,76,0,76,0
A,DPE,4W,ADPE4W,12/4/20,3,16,81,elevated,R+,,12,0,12,0
A,DPE,3D,ADPE3D,12/4/20,3,16,81,elevated,R+,,105,0,105,0
B,ACY,1W,BACY1W,10/4/20,3,14,79,elevated,R+,,6,9,15,0
B,ACY,2W,BACY2W,10/4/20,3,14,79,elevated,R+,,9,21,30,0
B,ACY,3W,BACY3W,10/4/20,3,14,79,elevated,R+,,0,0,0,9
B,ACY,5W,BACY5W,10/4/20,3,14,79,elevated,R+,,7,18,25,31
B,ACY,6W,BACY6W,10/4/20,3,14,79,elevated,R+,,6,0,6,3
B,CAL,1W,BCAL1W,11/4/20,3,15,80,elevated,R-,,4,14,18,
B,CAL,3W,BCAL3W,11/4/20,3,15,80,elevated,R-,,10,9,19,
B,CAL,4W,BCAL4W,11/4/20,3,15,80,elevated,R-,,14,24,38,
B,CAL,5W,BCAL5W,11/4/20,3,15,80,elevated,R-,,9,4,13,
B,CAL,6W,BCAL6W,11/4/20,3,15,80,elevated,R-,,10,20,30,
B,ROF,1W,BROF1W,16/04/2020,3,20,85,elevated,R-,,36,52,88,
B,ROF,2W,BROF2W,16/04/2020,3,20,85,elevated,R-,,20,76,96,
B,ROF,3W,BROF3W,16/04/2020,3,20,85,elevated,R-,,24,59,83,
B,LST,1W,BLST1W,13/04/2020,3,17,82,elevated,R-,,0,0,0,
B,LST,2W,BLST2W,13/04/2020,3,17,82,elevated,R-,,20,45,65,
B,LST,4W,BLST4W,13/04/2020,3,17,82,elevated,R-,,72,48,120,
B,LST,1D,BLST1D,13/04/2020,3,17,82,elevated,R-,,17,26,43,
B,DPE,1W,BDPE1W,12/4/20,3,16,81,elevated,R+,,58,0,58,
B,DPE,2W,BDPE2W,12/4/20,3,16,81,elevated,R+,,69,0,69,
B,DPE,3W,BDPE3W,12/4/20,3,16,81,elevated,R+,,75,0,75,
B,DPE,4W,BDPE4W,12/4/20,3,16,81,elevated,R+,,0,0,0,
B,DPE,3D,BDPE3D,12/4/20,3,16,81,elevated,R+,,13,0,13,
B,DPE,4D,BDPE4D,12/4/20,3,16,81,elevated,R+,,80,0,80,
C,ACY,1W,CACY1W,10/4/20,3,14,79,elevated,R+,,8,12,20,0
C,ACY,2W,CACY2W,10/4/20,3,14,79,elevated,R+,,10,30,40,30
C,ACY,4W,CACY4W,10/4/20,3,14,79,elevated,R+,,6,9,15,19
C,ACY,5W,CACY5W,10/4/20,3,14,79,elevated,R+,,3,3,6,143
C,CAL,1W,CCAL1W,11/4/20,3,15,80,elevated,R-,,10,16,26,
C,CAL,2W,CCAL2W,11/4/20,3,15,80,elevated,R-,,8,2,10,
C,CAL,3W,CCAL3W,11/4/20,3,15,80,elevated,R-,,7,18,25,
C,CAL,4W,CCAL4W,11/4/20,3,15,80,elevated,R-,,10,22,32,
C,CAL,5W,CCAL5W,11/4/20,3,15,80,elevated,R-,,7,3,10,
C,ROF,1W,CROF1W,16/04/2020,3,20,85,elevated,R-,,32,87,119,
C,ROF,2W,CROF2W,16/04/2020,3,20,85,elevated,R-,,26,60,86,
C,ROF,3W,CROF3W,16/04/2020,3,20,85,elevated,R-,,22,74,96,
C,ROF,4W,CROF4W,16/04/2020,3,20,85,elevated,R-,,14,43,57,
C,ROF,3D,CROF3D,16/04/2020,3,20,85,elevated,R-,,18,47,65,
C,ROF,5D,CROF5D,16/04/2020,3,20,85,elevated,R-,,22,32,54,
C,LST,1W,CLST1W,13/04/2020,3,17,82,elevated,R-,,50,22,72,76
C,LST,3W,CLST3W,13/04/2020,3,17,82,elevated,R-,,38,38,76,
C,LST,4W,CLST4W,13/04/2020,3,17,82,elevated,R-,,21,5,26,
C,LST,1D,CLST1D,13/04/2020,3,17,82,elevated,R-,,0,0,0,
C,DPE,1W,CDPE1W,12/4/20,3,16,81,elevated,R+,,141,0,141,
C,DPE,2W,CDPE2W,12/4/20,3,16,81,elevated,R+,,171,0,171,
C,DPE,3W,CDPE3W,12/4/20,3,16,81,elevated,R+,,103,0,103,
C,DPE,2D,CDPE2D,12/4/20,3,16,81,elevated,R+,,84,0,84,
D,ACY,1W,DACY1W,10/4/20,3,14,79,ambient,R+,,31,47,78,0
D,ACY,2W,DACY2W,10/4/20,3,14,79,ambient,R+,,13,20,33,0
D,ACY,3W,DACY3W,10/4/20,3,14,79,ambient,R+,,25,22,47,0
D,ACY,4W,DACY4W,10/4/20,3,14,79,ambient,R+,,15,11,26,324
D,ACY,5W,DACY5W,10/4/20,3,14,79,ambient,R+,,0,16,16,0
D,CAL,2W,DCAL2W,11/4/20,3,15,80,ambient,R-,,8,6,14,
D,CAL,3W,DCAL3W,11/4/20,3,15,80,ambient,R-,,8,0,8,
D,CAL,4W,DCAL4W,11/4/20,3,15,80,ambient,R-,,10,16,26,
D,CAL,5W,DCAL5W,11/4/20,3,15,80,ambient,R-,,9,7,16,
D,CAL,3D,DCAL3D,11/4/20,3,15,80,ambient,R-,,12,6,18,
D,ROF,1W,DROF1W,16/04/2020,3,20,85,ambient,R-,,26,21,47,
D,ROF,2W,DROF2W,16/04/2020,3,20,85,ambient,R-,,29,59,88,
D,ROF,3W,DROF3W,16/04/2020,3,20,85,ambient,R-,,18,55,73,
D,ROF,4W,DROF4W,16/04/2020,3,20,85,ambient,R-,,5,24,29,
D,ROF,2D,DROF2D,16/04/2020,3,20,85,ambient,R-,,30,98,128,
D,LST,1W,DLST1W,13/04/2020,3,17,82,ambient,R-,,28,47,75,
D,LST,2W,DLST2W,13/04/2020,3,17,82,ambient,R-,,38,6,44,
D,LST,3D,DLST3D,13/04/2020,3,17,82,ambient,R-,,14,45,59,
D,LST,4D,DLST4D,13/04/2020,3,17,82,ambient,R-,,10,70,80,
D,LST,2D,DLST2D,13/04/2020,3,17,82,ambient,R-,,5,60,65,
D,DPE,1W,DDPE1W,12/4/20,3,16,81,ambient,R+,,88,0,88,
D,DPE,2W,DDPE2W,12/4/20,3,16,81,ambient,R+,,101,0,101,
D,DPE,3W,DDPE3W,12/4/20,3,16,81,ambient,R+,,165,0,165,
D,DPE,1D,DDPE1D,12/4/20,3,16,81,ambient,R+,,142,0,142,
E,ACY,1W,EACY1W,10/4/20,3,14,79,ambient,R+,,15,17,32,142
E,ACY,2W,EACY2W,10/4/20,3,14,79,ambient,R+,,0,2,2,22
E,ACY,3W,EACY3W,10/4/20,3,14,79,ambient,R+,,7,12,19,32
E,ACY,5W,EACY5W,10/4/20,3,14,79,ambient,R+,,19,32,51,0
E,CAL,1W,ECAL1W,11/4/20,3,15,80,ambient,R-,,8,2,10,
E,CAL,2W,ECAL2W,11/4/20,3,15,80,ambient,R-,,7,22,29,
E,CAL,3W,ECAL3W,11/4/20,3,15,80,ambient,R-,,6,18,24,
E,CAL,4W,ECAL4W,11/4/20,3,15,80,ambient,R-,,7,16,23,
E,CAL,5W,ECAL5W,11/4/20,3,15,80,ambient,R-,,18,18,36,
E,ROF,1W,EROF1W,16/04/2020,3,20,85,ambient,R-,,17,9,26,
E,ROF,2W,EROF2W,16/04/2020,3,20,85,ambient,R-,,30,23,53,
E,ROF,3W,EROF3W,16/04/2020,3,20,85,ambient,R-,,24,0,24,
E,ROF,4W,EROF4W,16/04/2020,3,20,85,ambient,R-,,40,66,106,
E,ROF,5W,EROF5W,16/04/2020,3,20,85,ambient,R-,,29,58,87,
E,LST,1W,ELST1W,13/04/2020,3,17,82,ambient,R-,,28,4,32,
E,LST,4W,ELST4W,13/04/2020,3,17,82,ambient,R-,,31,20,51,30
E,LST,1D,ELST1D,13/04/2020,3,17,82,ambient,R-,,0,30,30,
E,DPE,1W,EDPE1W,12/4/20,3,16,81,ambient,R+,,63,0,63,
E,DPE,2W,EDPE2W,12/4/20,3,16,81,ambient,R+,,137,0,137,
E,DPE,3W,EDPE3W,12/4/20,3,16,81,ambient,R+,,72,0,72,
E,DPE,4W,EDPE4W,12/4/20,3,16,81,ambient,R+,,127,0,127,
E,DPE,5W,EDPE5W,12/4/20,3,16,81,ambient,R+,,161,0,161,
F,ACY,1W,FACY1W,10/4/20,3,14,79,ambient,R+,,9,31,40,0
F,ACY,2W,FACY2W,10/4/20,3,14,79,ambient,R+,,9,16,25,0
F,ACY,3W,FACY3W,10/4/20,3,14,79,ambient,R+,,6,2,8,0
F,ACY,4W,FACY4W,10/4/20,3,14,79,ambient,R+,,5,12,17,0
F,ACY,2D,FACY2D,10/4/20,3,14,79,ambient,R+,,9,2,11,0
F,CAL,1W,FCAL1W,11/4/20,3,15,80,ambient,R-,,10,31,41,
F,CAL,2W,FCAL2W,11/4/20,3,15,80,ambient,R-,,12,16,28,
F,CAL,3W,FCAL3W,11/4/20,3,15,80,ambient,R-,,7,2,9,
F,CAL,4W,FCAL4W,11/4/20,3,15,80,ambient,R-,,2,12,14,
F,CAL,1D,FCAL1D,11/4/20,3,15,80,ambient,R-,,12,2,14,
F,ROF,1W,FROF1W,16/04/2020,3,20,85,ambient,R-,,21,64,85,
F,ROF,2W,FROF2W,16/04/2020,3,20,85,ambient,R-,,31,63,94,
F,ROF,3W,FROF3W,16/04/2020,3,20,85,ambient,R-,,26,40,66,
F,ROF,4W,FROF4W,16/04/2020,3,20,85,ambient,R-,,28,64,92,
F,ROF,5W,FROF5W,16/04/2020,3,20,85,ambient,R-,,16,28,44,
F,LST,1D,FLST1D,13/04/2020,3,17,82,ambient,R-,,19,0,19,
F,LST,2DG,FLST2DG,13/04/2020,3,17,82,ambient,R-,,27,153,180,4
F,LST,5D,FLST5D,13/04/2020,3,17,82,ambient,R-,,27,114,141,
F,LST,4D,FLST4D,13/04/2020,3,17,82,ambient,R-,,0,14,14,
F,DPE,1W,FDPE1W,12/4/20,3,16,81,ambient,R+,,34,0,34,
F,DPE,3W,FDPE3W,12/4/20,3,16,81,ambient,R+,,110,0,110,
F,DPE,1D,FDPE1D,12/4/20,3,16,81,ambient,R+,,188,0,188,
F,DPE,3D,FDPE3D,12/4/20,3,16,81,ambient,R+,,85,0,85,